{
    "address": "Bogotá, Colombia",
    "avatar": "https://avatars1.githubusercontent.com/u/31748119?s=460&v=4",
    "bio": "Ignore the squirrels, you'll never catch them anyway hack, for floof tum, tickle bum, jellybean footies curly toes climb leg roll over and sun my belly, ",
    "certificate": [
        {
            "date": "Jan 2021",
            "description": "Hack up furballs try to jump onto window and fall while scratching at wall. ",
            "institution": "La Estancia",
            "name": "FrontEnd Developer",
            "link": "https://es.reactjs.org/docs/hooks-reference.html"
        },
        {
            "date": "Jan 2022",
            "description": "Scratch at the door then walk away wack the mini furry mouse",
            "institution": "La Estancia",
            "name": "Backend Developer",
            "link": ""
        }
    ],
    "education": [
        {
            "degree": "Atomic Master",
            "description": " I’m so hungry i’m so hungry but ew not for that pelt around the house and up and down stairs chasing phantoms",
            "endDate": "Jan 2017",
            "institution": "MIT",
            "startDate": "Dec 2018"
        },
        {
            "degree": "Space Engineering",
            "description": "Meow in empty rooms. Find empty spot in cupboard and sleep all day check cat door for ambush 10 times before coming in for hack. ",
            "endDate": "December 2015",
            "institution": "Harvard",
            "startDate": "Jan 2017"
        },
        {
            "degree": "Space Engineering",
            "description": "Meow in empty rooms. Find empty spot in cupboard and sleep all day check cat door for ambush 10 times before coming in for hack. ",
            "endDate": "",
            "institution": "Harvard",
            "startDate": "Jan 2017"
        }
    ],
    "experience": [
        {
            "company": "PugStar",
            "endDate": "Present",
            "jobDescription": "scratch the furniture. Good now the other hand, too lay on arms while you're using the keyboard.",
            "jobTitle": "FrontEnd",
            "startDate": "Jan 2020"
        },
        {
            "company": "CatStore",
            "endDate": "Jan 2016",
            "jobDescription": "Meow in empty rooms lick left leg for ninety minutes, still dirty.",
            "jobTitle": "Backend",
            "startDate": "Sept 2019"
        }
    ],
    "name": "Edison Jordan Alba Sarmiento",
    "profession": "FrontEnd Developer",
    "email": "edi9708@hotmail.com",
    "phone": "3114748824",
    "skills": [
        {
            "name": "HTML5",
            "percentage": "60%"
        },
        {
            "name": "CSS",
            "percentage": "45%"
        },
        {
            "name": "JavaScript",
            "percentage": "90%"
        },
        {
            "name": "React",
            "percentage": "80%"
        }
    ],
    "social": [
        {
            "name": "facebook",
            "url": "https://facebook.com/"
        },
        {
            "name": "twitter",
            "url": "https://twitter.com/"
        },
        {
            "name": "github",
            "url": "https://github.com/"
        },
        {
            "name": "linkedin",
            "url": "https://www.linkedin.com/"
        }
    ]
}